0.000000,1319.500000,43.731300,-0.243900
0.000000,1319.500000,43.740700,-0.145600
0.000000,1319.500000,43.722300,-0.023100
0.000000,1319.500000,43.731700,-0.038300
0.000000,1319.500000,43.728800,0.019800
0.000000,1319.500000,43.730100,-0.037800
0.000000,1319.500000,43.731500,-0.095400
0.000000,1319.500000,43.741700,-0.017700
0.000000,1319.500000,43.739100,-0.009800
0.000000,1319.500000,43.731600,0.113100
0.000000,1319.510000,43.728000,0.233900
0.000000,1319.510000,43.733200,0.159800
0.000000,1319.510000,43.757900,0.162200
0.000000,1319.510000,43.729000,0.085300
0.000000,1319.510000,43.730200,0.035100
0.000000,1319.510000,43.738200,-0.082000
0.000000,1319.510000,43.764900,-0.144500
0.000000,1319.510000,43.734500,-0.158600
0.000000,1319.510000,43.710100,-0.151700
0.000000,1319.510000,43.735400,-0.076900
0.000000,1319.520000,43.721600,-0.043000
0.000000,1319.520000,43.772300,0.039600
0.000000,1319.520000,43.689000,0.224500
0.000000,1319.520000,43.743300,0.283300
0.000000,1319.520000,43.768300,0.329800
0.000000,1319.520000,43.698700,0.284100
0.000000,1319.520000,43.734900,0.298000
0.000000,1319.520000,43.745700,0.234800
0.000000,1319.520000,43.749300,0.181100
0.000000,1319.520000,43.735400,0.129500
0.000000,1319.530000,43.741500,0.255200
0.000000,1319.530000,43.729500,0.247400
0.000000,1319.530000,43.716800,0.095100
0.000000,1319.530000,43.724200,-0.017100
0.000000,1319.530000,43.717200,0.010100
0.000000,1319.530000,43.725100,-0.105700
0.000000,1319.530000,43.738200,-0.183200
0.000000,1319.530000,43.762800,-0.285400
0.000000,1319.530000,43.713900,-0.101800
0.000000,1319.530000,43.758500,0.103800
0.000000,1319.540000,43.732000,0.092900
0.000000,1319.540000,43.700900,0.132000
0.000000,1319.540000,43.756300,0.104100
0.000000,1319.540000,43.728300,0.180700
0.000000,1319.540000,43.747800,0.334200
0.000000,1319.540000,43.742500,0.351200
0.000000,1319.540000,43.751200,0.394500
0.000000,1319.540000,43.738300,0.152800
0.000000,1319.550000,43.747700,0.124700
0.000000,1319.550000,43.757500,0.040100
0.000000,1319.550000,43.768800,-0.117900
0.000000,1319.550000,43.742400,-0.029300
0.000000,1319.550000,43.737200,0.049600
0.000000,1319.550000,43.728700,-0.004900
0.000000,1319.550000,43.736300,-0.032000
0.000000,1319.560000,43.766800,-0.026300
0.000000,1319.560000,43.775600,-0.110700
0.000000,1319.560000,43.732800,-0.077200
0.000000,1319.560000,43.745700,-0.078800
0.000000,1319.560000,43.737700,-0.203900
0.000000,1319.560000,43.755800,-0.184700
0.000000,1319.570000,43.737300,-0.172000
0.000000,1319.570000,43.729000,0.005200
0.000000,1319.570000,43.747800,0.029300
0.000000,1319.570000,43.738300,-0.023200
0.000000,1319.570000,43.709600,-0.071100
0.000000,1319.570000,43.720100,0.013300
0.000000,1319.580000,43.728800,0.111600
0.000000,1319.580000,43.737800,0.171800
0.000000,1319.580000,43.722300,0.054900
0.000000,1319.580000,43.721900,0.030900
0.000000,1319.580000,43.717700,-0.089300
0.000000,1319.580000,43.729500,-0.079200
0.000000,1319.580000,43.730800,-0.007400
0.000000,1319.580000,43.743200,-0.125400
0.000000,1319.590000,43.719600,-0.186500
0.000000,1319.590000,43.771200,-0.184500
0.000000,1319.590000,43.726000,-0.220800
0.000000,1319.590000,43.745500,-0.198100
0.000000,1319.590000,43.737200,-0.170800
0.000000,1319.590000,43.752000,-0.081900
0.000000,1319.590000,43.741000,-0.032200
0.000000,1319.590000,43.737600,-0.034400
0.000000,1319.590000,43.744300,-0.033100
0.000000,1319.590000,43.707900,0.027100
0.000000,1319.600000,43.748200,-0.109400
0.000000,1319.600000,43.747200,-0.243900
0.000000,1319.600000,43.728300,-0.270000
0.000000,1319.600000,43.734600,-0.148700
0.000000,1319.600000,43.757800,-0.014500
0.000000,1319.600000,43.731100,-0.046500
0.000000,1319.600000,43.733400,-0.144500
0.000000,1319.600000,43.754800,-0.122500
0.000000,1319.600000,43.737400,-0.126800
0.000000,1319.600000,43.718600,-0.157500
0.000000,1319.610000,43.753700,-0.052000
0.000000,1319.610000,43.719800,-0.145400
0.000000,1319.610000,43.743700,-0.115000
0.000000,1319.610000,43.718100,-0.214400
0.000000,1319.610000,43.746400,-0.269600
0.000000,1319.610000,43.737900,-0.248000
0.000000,1319.610000,43.735300,-0.137600
0.000000,1319.610000,43.709800,-0.090000
0.000000,1319.610000,43.741000,-0.055700
0.000000,1319.610000,43.743800,0.035800
0.000000,1319.620000,43.743400,0.115700
0.000000,1319.620000,43.731700,0.110000
0.000000,1319.620000,43.727900,-0.087400
0.000000,1319.620000,43.716600,-0.156600
0.000000,1319.620000,43.736200,-0.170800
0.000000,1319.620000,43.703000,0.037900
0.000000,1319.620000,43.712200,0.184200
0.000000,1319.620000,43.731100,0.248600
0.000000,1319.620000,43.695600,0.174800
0.000000,1319.620000,43.740400,0.107700
0.000000,1319.630000,43.743300,-0.005800
0.000000,1319.630000,43.758000,-0.116800
0.000000,1319.630000,43.764600,-0.194200
0.000000,1319.630000,43.734500,-0.100900
0.000000,1319.630000,43.762900,-0.048700
0.000000,1319.630000,43.707700,-0.022200
0.000000,1319.630000,43.750700,0.007900
0.000000,1319.630000,43.721900,0.064300
0.000000,1319.630000,43.738300,0.170900
0.000000,1319.630000,43.741700,0.170100
0.000000,1319.640000,43.752700,0.172500
0.000000,1319.640000,43.731900,0.183200
0.000000,1319.640000,43.777200,0.015700
0.000000,1319.640000,43.715200,0.004000
0.000000,1319.640000,43.753600,0.072300
0.000000,1319.640000,43.722700,0.059200
0.000000,1319.640000,43.765900,-0.050400
0.000000,1319.640000,43.751600,-0.138000
0.000000,1319.640000,43.743600,0.010100
0.000000,1319.640000,43.754400,0.016300
0.000000,1319.650000,43.758600,0.050900
0.000000,1319.650000,43.738700,0.149500
0.000000,1319.650000,43.757400,0.131800
0.000000,1319.650000,43.719800,0.036900
0.000000,1319.650000,43.754500,-0.052000
0.000000,1319.650000,43.726500,-0.029700
0.000000,1319.650000,43.743400,0.055900
0.000000,1319.650000,43.743800,0.037500
0.000000,1319.650000,43.708200,-0.046900
0.000000,1319.650000,43.741800,-0.047300
0.000000,1319.660000,43.715500,-0.006000
0.000000,1319.660000,43.719300,0.070800
0.000000,1319.660000,43.722700,-0.051900
0.000000,1319.660000,43.727100,-0.101500
0.000000,1319.660000,43.722700,0.013600
0.000000,1319.660000,43.717800,0.122000
0.000000,1319.660000,43.715200,0.011900
0.000000,1319.660000,43.715300,-0.064700
0.000000,1319.660000,43.715600,-0.080700
0.000000,1319.660000,43.728900,-0.027700
0.000000,1319.670000,43.733300,0.115100
0.000000,1319.670000,43.761300,0.072100
0.000000,1319.670000,43.723700,0.091700
0.000000,1319.670000,43.748200,0.110600
0.000000,1319.670000,43.781700,0.062300
0.000000,1319.670000,43.713200,-0.074400
0.000000,1319.670000,43.779800,-0.128300
0.000000,1319.670000,43.744200,-0.183900
0.000000,1319.670000,43.732800,-0.178100
0.000000,1319.670000,43.765400,-0.146600
0.000000,1319.680000,43.732900,-0.121400
0.000000,1319.680000,43.753200,0.012400
0.000000,1319.680000,43.746000,-0.015800
0.000000,1319.680000,43.745100,0.012800
0.000000,1319.680000,43.749300,0.157100
0.000000,1319.680000,43.746100,0.148600
0.000000,1319.680000,43.750200,0.095800
0.000000,1319.680000,43.748200,0.012000
0.000000,1319.680000,43.759100,0.122300
0.000000,1319.680000,43.729200,0.103500
0.000000,1319.690000,43.750700,-0.039900
0.000000,1319.690000,43.774000,-0.033400
0.000000,1319.690000,43.746700,-0.051800
0.000000,1319.690000,43.755900,-0.089500
0.000000,1319.690000,43.757900,-0.056600
0.000000,1319.690000,43.731000,0.034000
0.000000,1319.690000,43.744500,0.049300
0.000000,1319.690000,43.748400,0.040500
0.000000,1319.690000,43.763000,0.092700
0.000000,1319.690000,43.749500,0.113000
0.000000,1319.700000,43.733800,0.189800
0.000000,1319.700000,43.753700,0.175700
0.000000,1319.700000,43.761500,0.129500
0.000000,1319.700000,43.748000,0.182100
0.000000,1319.700000,43.781700,0.021800
0.000000,1319.700000,43.765800,-0.005400
0.000000,1319.700000,43.778500,-0.078300
0.000000,1319.700000,43.751400,-0.096700
0.000000,1319.700000,43.777000,-0.083800
0.000000,1319.700000,43.757300,0.008900
0.000000,1319.710000,43.768600,0.116700
0.000000,1319.710000,43.767500,0.120800
0.000000,1319.710000,43.742200,0.096800
0.000000,1319.710000,43.759500,0.200700
0.000000,1319.710000,43.753400,0.263900
0.000000,1319.710000,43.738200,0.172400
0.000000,1319.710000,43.749400,0.058000
0.000000,1319.710000,43.724800,0.045300
0.000000,1319.710000,43.751700,0.172400
0.000000,1319.710000,43.709500,0.203900
0.000000,1319.720000,43.765300,0.180600
0.000000,1319.720000,43.753600,0.220600
0.000000,1319.720000,43.739600,0.073200
0.000000,1319.720000,43.778900,0.108900
0.000000,1319.720000,43.760800,0.152100
0.000000,1319.720000,43.739200,0.116100
0.000000,1319.720000,43.779300,0.000000
0.000000,1319.720000,43.731800,0.268500
0.000000,1319.720000,43.714800,0.229700
0.000000,1319.720000,43.729600,0.073500
0.000000,1319.730000,43.714500,-0.074700
0.000000,1319.730000,43.736000,-0.057600
0.000000,1319.730000,43.757000,0.021400
0.000000,1319.730000,43.748800,0.097600
0.000000,1319.730000,43.734300,0.093300
0.000000,1319.730000,43.726900,0.088300
0.000000,1319.730000,43.744900,0.121200
0.000000,1319.730000,43.744700,0.182300
0.000000,1319.730000,43.737500,0.203700
0.000000,1319.730000,43.725100,0.222500
0.000000,1319.740000,43.757100,0.176000
0.000000,1319.740000,43.715400,0.040500
0.000000,1319.740000,43.774400,0.062500
0.000000,1319.740000,43.760400,0.113100
0.000000,1319.740000,43.761800,0.124900
0.000000,1319.740000,43.751200,0.138500
0.000000,1319.740000,43.788500,0.194700
0.000000,1319.740000,43.752900,0.205800
0.000000,1319.740000,43.778000,0.270100
0.000000,1319.740000,43.748200,0.246100
0.000000,1319.750000,43.751800,0.078500
0.000000,1319.750000,43.760200,0.024600
0.000000,1319.750000,43.756100,0.092700
0.000000,1319.750000,43.753800,0.098600
0.000000,1319.750000,43.734400,-0.073900
0.000000,1319.750000,43.759500,-0.106700
0.000000,1319.750000,43.765000,0.035000
0.000000,1319.750000,43.740000,0.061600
0.000000,1319.750000,43.771900,-0.030000
0.000000,1319.750000,43.721700,-0.136000
0.000000,1319.760000,43.751300,-0.093900
0.000000,1319.760000,43.734800,-0.011700
0.000000,1319.760000,43.724500,-0.048000
0.000000,1319.760000,43.718100,0.088400
0.000000,1319.760000,43.692000,0.055500
0.000000,1319.760000,43.761800,-0.058900
0.000000,1319.760000,43.690900,-0.027400
0.000000,1319.760000,43.728800,0.079100
0.000000,1319.760000,43.734700,0.127600
0.000000,1319.760000,43.743500,0.143700
0.000000,1319.770000,43.732900,0.108400
0.000000,1319.770000,43.739900,0.033600
0.000000,1319.770000,43.745100,0.041600
0.000000,1319.770000,43.727200,-0.030600
0.000000,1319.770000,43.726800,-0.143000
0.000000,1319.770000,43.751600,-0.086100
0.000000,1319.770000,43.734000,0.079900
0.000000,1319.770000,43.738900,0.080500
0.000000,1319.770000,43.747800,-0.002700
0.000000,1319.770000,43.730100,-0.046400
0.000000,1319.780000,43.747300,-0.062400
0.000000,1319.780000,43.749500,-0.065300
0.000000,1319.780000,43.734500,-0.041500
0.000000,1319.780000,43.742300,0.096700
0.000000,1319.780000,43.762900,-0.018100
0.000000,1319.780000,43.719800,-0.155900
0.000000,1319.780000,43.736900,-0.210900
0.000000,1319.780000,43.747300,-0.225100
0.000000,1319.780000,43.726300,-0.060800
0.000000,1319.780000,43.714000,0.159800
0.000000,1319.790000,43.760200,0.296600
0.000000,1319.790000,43.730100,0.301800
0.000000,1319.790000,43.740000,0.352800
0.000000,1319.790000,43.733800,0.378000
0.000000,1319.790000,43.762500,0.308200
0.000000,1319.790000,43.740100,0.278500
0.000000,1319.790000,43.741200,0.251000
0.000000,1319.790000,43.729300,0.199800
0.000000,1319.790000,43.726100,-0.009800
0.000000,1319.790000,43.746600,-0.131300
0.000000,1319.800000,43.752500,-0.165600
0.000000,1319.800000,43.722900,-0.174900
0.000000,1319.800000,43.755300,-0.138300
0.000000,1319.800000,43.727800,-0.051500
0.000000,1319.800000,43.732100,-0.053000
0.000000,1319.800000,43.758900,-0.062200
0.000000,1319.800000,43.740700,0.028900
0.000000,1319.800000,43.745600,0.137900
0.000000,1319.800000,43.748100,0.042400
0.000000,1319.800000,43.761700,-0.151400
0.000000,1319.810000,43.717700,-0.153600
0.000000,1319.810000,43.738600,-0.008300
0.000000,1319.810000,43.759200,-0.024600
0.000000,1319.810000,43.753800,-0.114500
0.000000,1319.810000,43.749900,-0.145600
0.000000,1319.810000,43.778200,-0.055200
0.000000,1319.810000,43.778900,-0.184900
0.000000,1319.810000,43.732400,-0.205100
0.000000,1319.810000,43.738800,-0.247500
0.000000,1319.810000,43.752500,-0.198600
0.000000,1319.820000,43.752400,-0.059600
0.000000,1319.820000,43.722400,-0.009000
0.000000,1319.820000,43.753500,0.051100
0.000000,1319.820000,43.752800,0.146200
0.000000,1319.820000,43.751100,0.150600
0.000000,1319.820000,43.742800,0.073700
0.000000,1319.820000,43.764400,0.128900
0.000000,1319.820000,43.750900,0.159500
0.000000,1319.820000,43.762100,0.141400
0.000000,1319.820000,43.763200,0.122300
0.000000,1319.830000,43.764500,0.216600
0.000000,1319.830000,43.765200,0.131900
0.000000,1319.830000,43.763300,-0.128600
0.000000,1319.830000,43.748100,-0.142800
0.000000,1319.830000,43.767700,-0.005900
0.000000,1319.830000,43.755900,0.097600
0.000000,1319.830000,43.759700,0.053800
0.000000,1319.830000,43.771700,0.024800
0.000000,1319.830000,43.770000,0.001100
0.000000,1319.830000,43.782600,0.068700
0.000000,1319.840000,43.746900,0.197500
0.000000,1319.840000,43.754500,0.324300
0.000000,1319.840000,43.749100,0.249800
0.000000,1319.840000,43.717500,0.120000
0.000000,1319.840000,43.751600,0.192900
0.000000,1319.840000,43.744800,0.164600
0.000000,1319.840000,43.727600,0.165500
0.000000,1319.840000,43.737100,0.068500
0.000000,1319.840000,43.742600,-0.127300
0.000000,1319.840000,43.758200,-0.189400
0.000000,1319.850000,43.758800,-0.083100
0.000000,1319.850000,43.770000,0.041600
0.000000,1319.850000,43.766500,0.055600
0.000000,1319.850000,43.757800,0.061100
0.000000,1319.850000,43.748700,0.013800
0.000000,1319.850000,43.738100,0.005900
0.000000,1319.850000,43.727300,0.075200
0.000000,1319.850000,43.740500,0.086800
0.000000,1319.850000,43.739900,0.024300
0.000000,1319.850000,43.734300,0.079100
0.000000,1319.860000,43.753100,0.220400
0.000000,1319.860000,43.725600,0.195600
0.000000,1319.860000,43.754100,0.067500
0.000000,1319.860000,43.703800,0.025100
0.000000,1319.860000,43.741500,-0.015500
0.000000,1319.860000,43.750500,-0.111600
0.000000,1319.860000,43.720900,-0.025600
0.000000,1319.860000,43.720500,0.074000
0.000000,1319.860000,43.711700,0.086300
0.000000,1319.860000,43.700300,0.171500
0.000000,1319.870000,43.724700,0.260200
0.000000,1319.870000,43.721400,0.140600
0.000000,1319.870000,43.730200,0.042800
0.000000,1319.870000,43.717500,-0.080400
0.000000,1319.870000,43.748000,0.000600
0.000000,1319.870000,43.740700,0.083000
0.000000,1319.870000,43.761200,0.031100
0.000000,1319.870000,43.738000,-0.039600
0.000000,1319.870000,43.724700,0.005500
0.000000,1319.870000,43.751400,0.004600
0.000000,1319.880000,43.735700,0.021800
0.000000,1319.880000,43.765400,-0.022700
0.000000,1319.880000,43.744300,-0.189000
0.000000,1319.880000,43.736000,-0.135500
0.000000,1319.880000,43.746900,-0.056900
0.000000,1319.880000,43.738000,0.066400
0.000000,1319.880000,43.749200,0.097300
0.000000,1319.880000,43.748900,0.083800
0.000000,1319.880000,43.731000,0.067500
0.000000,1319.880000,43.746100,0.054700
0.000000,1319.890000,43.722200,0.120200
0.000000,1319.890000,43.756200,0.158900
0.000000,1319.890000,43.730400,0.153100
0.000000,1319.890000,43.728900,0.063400
0.000000,1319.890000,43.727400,0.006900
0.000000,1319.890000,43.730600,0.057200
0.000000,1319.890000,43.752200,0.075100
0.000000,1319.890000,43.749300,0.025900
0.000000,1319.890000,43.724700,-0.028900
0.000000,1319.890000,43.743900,-0.029000
0.000000,1319.900000,43.736200,0.028400
0.000000,1319.900000,43.748200,0.145400
0.000000,1319.900000,43.766200,0.055400
0.000000,1319.900000,43.759400,0.083100
0.000000,1319.900000,43.763100,0.044900
0.000000,1319.900000,43.753800,0.007400
0.000000,1319.900000,43.781500,0.011200
0.000000,1319.900000,43.742600,-0.051400
0.000000,1319.900000,43.775900,-0.079500
0.000000,1319.910000,43.770000,-0.134300
0.000000,1319.910000,43.791200,-0.052200
0.000000,1319.910000,43.727700,-0.048400
0.000000,1319.910000,43.795200,-0.184500
0.000000,1319.910000,43.778800,-0.068900
0.000000,1319.910000,43.776300,-0.110700
0.000000,1319.910000,43.747000,0.021600
0.000000,1319.910000,43.749700,0.069700
0.000000,1319.920000,43.749800,0.076600
0.000000,1319.920000,43.754700,0.085900
0.000000,1319.920000,43.737700,0.233900
0.000000,1319.920000,43.753200,0.223600
0.000000,1319.920000,43.753300,0.135100
0.000000,1319.920000,43.770600,0.057900
0.000000,1319.930000,43.730900,-0.181500
0.000000,1319.930000,43.716300,-0.110500
0.000000,1319.930000,43.742500,0.013900
0.000000,1319.930000,43.748900,0.104500
0.000000,1319.930000,43.763700,0.122300
0.000000,1319.930000,43.767000,0.125900
0.000000,1319.940000,43.741900,0.103900
0.000000,1319.940000,43.754200,-0.114100
0.000000,1319.940000,43.773500,0.102000
0.000000,1319.940000,43.771900,0.150600
0.000000,1319.940000,43.760500,0.301900
0.000000,1319.940000,43.735000,0.272100
0.000000,1319.940000,43.777200,0.263200
0.000000,1319.950000,43.779000,0.454400
0.000000,1319.950000,43.766600,0.261400
0.000000,1319.950000,43.756100,0.076300
0.000000,1319.950000,43.747100,0.083300
0.000000,1319.950000,43.755600,-0.060200
0.000000,1319.950000,43.737300,-0.152500
0.000000,1319.950000,43.748700,-0.024800
0.000000,1319.950000,43.737600,0.014300
0.000000,1319.950000,43.739900,-0.071900
0.000000,1319.960000,43.724600,-0.268400
0.000000,1319.960000,43.739400,-0.144200
0.000000,1319.960000,43.734800,-0.038700
0.000000,1319.960000,43.735700,0.042000
0.000000,1319.960000,43.764900,-0.016700
0.000000,1319.960000,43.764400,-0.047200
0.000000,1319.960000,43.764200,0.001800
0.000000,1319.960000,43.768100,-0.047400
0.000000,1319.960000,43.766800,-0.112500
0.000000,1319.960000,43.771800,-0.211900
0.000000,1319.970000,43.750400,-0.088700
0.000000,1319.970000,43.775100,0.065900
0.000000,1319.970000,43.785300,0.057300
0.000000,1319.970000,43.764500,0.120000
0.000000,1319.970000,43.770300,0.053200
0.000000,1319.970000,43.757100,-0.067400
0.000000,1319.970000,43.760000,-0.131100
0.000000,1319.970000,43.750200,-0.162300
0.000000,1319.970000,43.739000,-0.000300
0.000000,1319.970000,43.746700,0.077700
0.000000,1319.980000,43.756700,-0.009300
0.000000,1319.980000,43.770400,0.035400
0.000000,1319.980000,43.738000,0.068900
0.000000,1319.980000,43.742500,0.115800
0.000000,1319.980000,43.751400,0.155900
0.000000,1319.980000,43.744600,0.108800
0.000000,1319.980000,43.761200,0.075200
0.000000,1319.980000,43.770300,0.076800
0.000000,1319.980000,43.740700,0.041400
0.000000,1319.980000,43.737900,0.010900
0.000000,1319.990000,43.772100,-0.015400
0.000000,1319.990000,43.760900,-0.081600
0.000000,1319.990000,43.762100,-0.140300
0.000000,1319.990000,43.752500,-0.050700
0.000000,1319.990000,43.726000,-0.026800
0.000000,1319.990000,43.713300,0.034900
0.000000,1319.990000,43.732200,-0.051700
0.000000,1319.990000,43.743700,-0.055000
0.000000,1319.990000,43.724900,-0.136400
0.000000,1319.990000,43.741500,-0.187000
0.000000,1320.000000,43.756500,-0.159900
0.000000,1320.000000,43.737000,-0.065700
0.000000,1320.000000,43.769700,0.021800
0.000000,1320.000000,43.747100,0.029500
0.000000,1320.000000,43.772200,-0.056200
0.000000,1320.000000,43.764800,-0.054900
0.000000,1320.000000,43.760100,-0.093800
0.000000,1320.000000,43.786800,-0.154400
0.000000,1320.000000,43.779500,-0.124100
0.000000,1320.000000,43.758600,-0.141200
0.000000,1320.010000,43.770100,-0.120100
0.000000,1320.010000,43.782500,-0.116000
0.000000,1320.010000,43.766200,-0.060600
0.000000,1320.010000,43.774200,0.108200
0.000000,1320.010000,43.752600,0.026500
0.000000,1320.010000,43.778600,0.010500
0.000000,1320.010000,43.768300,-0.057100
0.000000,1320.010000,43.755500,-0.182700
0.000000,1320.010000,43.746600,-0.163100
0.000000,1320.010000,43.744500,-0.101000
0.000000,1320.020000,43.763800,-0.092900
0.000000,1320.020000,43.771900,-0.113900
0.000000,1320.020000,43.729200,0.036200
0.000000,1320.020000,43.716900,0.172600
0.000000,1320.020000,43.744500,0.240300
0.000000,1320.020000,43.761700,0.123200
0.000000,1320.020000,43.715600,0.054200
0.000000,1320.020000,43.741900,-0.009200
0.000000,1320.020000,43.763100,-0.003300
0.000000,1320.020000,43.734300,0.148200
0.000000,1320.030000,43.734200,0.181300
0.000000,1320.030000,43.740300,0.096700
0.000000,1320.030000,43.748300,0.176500
0.000000,1320.030000,43.743600,0.323200
0.000000,1320.030000,43.743100,0.357700
0.000000,1320.030000,43.784500,0.338200
0.000000,1320.030000,43.730000,0.115600
0.000000,1320.030000,43.742400,0.220900
0.000000,1320.030000,43.741900,0.208400
0.000000,1320.030000,43.732300,0.225600
0.000000,1320.040000,43.720700,0.200800
0.000000,1320.040000,43.754400,0.154300
0.000000,1320.040000,43.740300,0.061200
0.000000,1320.040000,43.756700,-0.008900
0.000000,1320.040000,43.751600,0.042600
0.000000,1320.040000,43.713900,-0.165400
0.000000,1320.040000,43.741300,-0.235200
0.000000,1320.040000,43.711400,-0.232500
0.000000,1320.040000,43.735700,-0.235800
0.000000,1320.040000,43.727300,-0.101500
0.000000,1320.050000,43.756100,-0.008600
0.000000,1320.050000,43.758600,-0.153400
0.000000,1320.050000,43.767500,-0.229500
0.000000,1320.050000,43.771900,-0.102000
0.000000,1320.050000,43.748900,-0.022800
0.000000,1320.050000,43.742700,-0.076400
0.000000,1320.050000,43.750500,-0.093500
0.000000,1320.050000,43.751600,-0.145200
0.000000,1320.050000,43.754500,-0.213200
0.000000,1320.050000,43.763400,-0.241300
0.000000,1320.060000,43.741600,-0.156500
0.000000,1320.060000,43.778300,-0.147800
0.000000,1320.060000,43.750300,-0.113900
0.000000,1320.060000,43.736900,-0.196800
0.000000,1320.060000,43.722500,-0.146700
0.000000,1320.060000,43.715400,-0.240200
0.000000,1320.060000,43.767900,-0.133900
0.000000,1320.060000,43.736600,-0.004800
0.000000,1320.060000,43.754600,0.010600
0.000000,1320.060000,43.727200,0.003800
0.000000,1320.070000,43.738200,0.143800
0.000000,1320.070000,43.725300,0.154300
0.000000,1320.070000,43.739000,0.186400
0.000000,1320.070000,43.733800,0.106700
0.000000,1320.070000,43.757200,0.132400
0.000000,1320.070000,43.738400,0.172300
0.000000,1320.070000,43.766800,0.100700
0.000000,1320.070000,43.736200,0.094900
0.000000,1320.070000,43.753100,0.067900
0.000000,1320.070000,43.735500,0.041300
0.000000,1320.080000,43.770600,-0.019700
0.000000,1320.080000,43.774200,-0.223000
0.000000,1320.080000,43.800700,-0.261600
0.000000,1320.080000,43.758000,-0.195900
0.000000,1320.080000,43.786900,-0.133400
0.000000,1320.080000,43.750600,-0.054300
0.000000,1320.080000,43.770800,0.024200
0.000000,1320.080000,43.757300,0.095600
0.000000,1320.080000,43.744000,0.059400
0.000000,1320.080000,43.746200,0.048600
0.000000,1320.090000,43.756200,0.116800
0.000000,1320.090000,43.743000,0.219700
0.000000,1320.090000,43.738900,0.090800
0.000000,1320.090000,43.765200,-0.005900
0.000000,1320.090000,43.755000,-0.002900
0.000000,1320.090000,43.747700,-0.079400
0.000000,1320.090000,43.737100,-0.123400
0.000000,1320.090000,43.732100,-0.102700
0.000000,1320.090000,43.732800,-0.183500
0.000000,1320.090000,43.705100,-0.345700
0.000000,1320.100000,43.731600,-0.242800
0.000000,1320.100000,43.749300,-0.228100
0.000000,1320.100000,43.755700,-0.295100
0.000000,1320.100000,43.762300,-0.191100
0.000000,1320.100000,43.739700,-0.209700
0.000000,1320.100000,43.747400,-0.170500
0.000000,1320.100000,43.745000,-0.107900
0.000000,1320.100000,43.746400,-0.037900
0.000000,1320.100000,43.757000,-0.116700
0.000000,1320.100000,43.743400,-0.114300
0.000000,1320.110000,43.733600,-0.125400
0.000000,1320.110000,43.723500,-0.216800
0.000000,1320.110000,43.713700,-0.184400
0.000000,1320.110000,43.726600,-0.227000
0.000000,1320.110000,43.715900,-0.195200
0.000000,1320.110000,43.777100,-0.140100
0.000000,1320.110000,43.740200,-0.113300
0.000000,1320.110000,43.691000,-0.039100
0.000000,1320.110000,43.733700,-0.053300
0.000000,1320.110000,43.736700,-0.091000
0.000000,1320.120000,43.758800,-0.157000
0.000000,1320.120000,43.710400,-0.071000
0.000000,1320.120000,43.758400,0.147000
0.000000,1320.120000,43.735200,0.147600
0.000000,1320.120000,43.707900,0.084100
0.000000,1320.120000,43.717400,-0.155100
0.000000,1320.120000,43.716300,-0.136000
0.000000,1320.120000,43.729400,-0.096500
0.000000,1320.120000,43.748800,-0.027900
0.000000,1320.120000,43.759200,-0.032600
0.000000,1320.130000,43.741800,-0.153500
0.000000,1320.130000,43.769000,-0.188300
0.000000,1320.130000,43.760300,-0.088500
0.000000,1320.130000,43.778700,-0.042600
0.000000,1320.130000,43.750900,-0.050900
0.000000,1320.130000,43.792600,0.004600
0.000000,1320.130000,43.752800,0.041400
0.000000,1320.130000,43.758300,0.009000
0.000000,1320.130000,43.732800,-0.130000
0.000000,1320.130000,43.752600,-0.251200
0.000000,1320.140000,43.750400,-0.201000
0.000000,1320.140000,43.757100,-0.036800
0.000000,1320.140000,43.755200,-0.024500
0.000000,1320.140000,43.740800,0.051600
0.000000,1320.140000,43.757800,-0.022600
0.000000,1320.140000,43.754800,-0.059900
0.000000,1320.140000,43.778100,-0.087300
0.000000,1320.140000,43.784200,-0.018300
0.000000,1320.140000,43.766700,-0.044300
0.000000,1320.140000,43.744000,-0.236800
0.000000,1320.150000,43.783100,-0.274500
0.000000,1320.150000,43.748600,-0.250800
0.000000,1320.150000,43.752000,-0.286000
0.000000,1320.150000,43.743500,-0.276200
0.000000,1320.150000,43.771400,-0.189200
0.000000,1320.150000,43.760900,-0.148900
0.000000,1320.150000,43.747500,-0.085900
0.000000,1320.150000,43.744400,-0.083200
0.000000,1320.150000,43.747400,-0.132500
0.000000,1320.150000,43.759500,-0.018900
0.000000,1320.160000,43.802200,0.090900
0.000000,1320.160000,43.764500,0.108500
0.000000,1320.160000,43.763100,0.049500
0.000000,1320.160000,43.783700,-0.058700
0.000000,1320.160000,43.780400,-0.114100
0.000000,1320.160000,43.759000,-0.234300
0.000000,1320.160000,43.761600,-0.212800
0.000000,1320.160000,43.781300,-0.180700
0.000000,1320.160000,43.783000,-0.096100
0.000000,1320.160000,43.786700,-0.131600
0.000000,1320.170000,43.800200,-0.078900
0.000000,1320.170000,43.777900,-0.032900
0.000000,1320.170000,43.748300,-0.018100
0.000000,1320.170000,43.771500,-0.120700
0.000000,1320.170000,43.752000,-0.286000
0.000000,1320.170000,43.760200,-0.382200
0.000000,1320.170000,43.756500,-0.356400
0.000000,1320.170000,43.755800,-0.078500
0.000000,1320.170000,43.759500,-0.039600
0.000000,1320.170000,43.767100,-0.078000
0.000000,1320.180000,43.740800,0.099500
0.000000,1320.180000,43.740600,0.080600
0.000000,1320.180000,43.775100,0.025200
0.000000,1320.180000,43.742900,0.103500
0.000000,1320.180000,43.791400,0.049800
0.000000,1320.180000,43.774300,0.078800
0.000000,1320.180000,43.772000,0.003100
0.000000,1320.180000,43.782200,0.087400
0.000000,1320.180000,43.769600,0.130300
0.000000,1320.180000,43.788500,-0.023800
0.000000,1320.190000,43.759000,-0.058300
0.000000,1320.190000,43.770100,0.014000
0.000000,1320.190000,43.771700,0.016300
0.000000,1320.190000,43.792000,-0.043000
0.000000,1320.190000,43.744600,0.047300
0.000000,1320.190000,43.769900,0.318600
0.000000,1320.190000,43.774200,0.394700
0.000000,1320.190000,43.790900,0.385800
0.000000,1320.190000,43.796800,0.432100
0.000000,1320.190000,43.779400,0.306100
0.000000,1320.200000,43.778500,0.254200
0.000000,1320.200000,43.738900,0.153000
0.000000,1320.200000,43.766000,0.082300
0.000000,1320.200000,43.761900,0.022600
0.000000,1320.200000,43.773600,0.000800
0.000000,1320.200000,43.752400,-0.019900
0.000000,1320.200000,43.750700,-0.023500
0.000000,1320.200000,43.781900,-0.093500
0.000000,1320.200000,43.746700,-0.154700
0.000000,1320.200000,43.773500,-0.134600
0.000000,1320.210000,43.798800,-0.046700
0.000000,1320.210000,43.733200,0.001800
0.000000,1320.210000,43.776700,-0.016400
0.000000,1320.210000,43.743000,-0.033200
0.000000,1320.210000,43.754400,0.016400
0.000000,1320.210000,43.753900,0.065300
0.000000,1320.210000,43.724200,0.096000
0.000000,1320.210000,43.749600,0.083500
0.000000,1320.210000,43.741100,-0.038300
0.000000,1320.210000,43.750500,-0.127500
0.000000,1320.220000,43.754700,-0.046000
0.000000,1320.220000,43.775100,-0.077000
0.000000,1320.220000,43.778700,-0.088100
0.000000,1320.220000,43.789700,-0.210000
0.000000,1320.220000,43.774100,-0.315500
0.000000,1320.220000,43.750600,-0.262000
0.000000,1320.220000,43.763000,-0.258900
0.000000,1320.220000,43.778700,-0.134500
0.000000,1320.220000,43.745200,-0.015700
0.000000,1320.220000,43.736500,-0.092100
0.000000,1320.230000,43.731400,-0.074100
0.000000,1320.230000,43.751300,-0.096600
0.000000,1320.230000,43.752700,-0.215200
0.000000,1320.230000,43.773800,-0.199700
0.000000,1320.230000,43.748100,-0.159400
0.000000,1320.230000,43.767200,-0.100600
0.000000,1320.230000,43.764500,-0.089000
0.000000,1320.230000,43.736700,0.105800
0.000000,1320.230000,43.771100,0.138700
0.000000,1320.230000,43.770300,0.213100
0.000000,1320.240000,43.721700,0.196000
0.000000,1320.240000,43.754700,-0.021400
0.000000,1320.240000,43.745800,-0.217800
0.000000,1320.240000,43.727100,-0.280400
0.000000,1320.240000,43.745700,-0.138900
0.000000,1320.240000,43.739400,-0.193600
0.000000,1320.240000,43.760000,-0.197700
0.000000,1320.240000,43.735200,-0.092000
0.000000,1320.240000,43.796600,-0.064400
0.000000,1320.240000,43.721400,-0.044600
0.000000,1320.250000,43.703700,-0.048300
0.000000,1320.250000,43.779600,-0.075700
0.000000,1320.250000,43.770100,0.080400
0.000000,1320.250000,43.789000,0.055800
0.000000,1320.250000,43.761400,0.047500
0.000000,1320.250000,43.733900,0.017200
0.000000,1320.250000,43.770400,-0.008800
0.000000,1320.250000,43.767600,-0.041600
0.000000,1320.250000,43.777000,-0.038900
0.000000,1320.250000,43.779300,-0.035400
0.000000,1320.260000,43.782400,-0.144900
0.000000,1320.260000,43.784600,-0.171000
0.000000,1320.260000,43.757900,-0.246000
0.000000,1320.260000,43.761300,-0.215200
0.000000,1320.260000,43.754500,-0.206100
0.000000,1320.260000,43.751300,-0.072300
0.000000,1320.260000,43.736200,-0.165800
0.000000,1320.260000,43.772900,-0.092400
0.000000,1320.260000,43.744000,-0.120300
0.000000,1320.260000,43.742300,-0.152300
0.000000,1320.270000,43.713400,-0.272200
0.000000,1320.270000,43.764000,-0.268700
0.000000,1320.270000,43.764600,-0.162300
0.000000,1320.270000,43.751000,-0.003600
0.000000,1320.270000,43.758700,0.018500
0.000000,1320.270000,43.745700,0.038300
0.000000,1320.270000,43.748800,0.104300
0.000000,1320.270000,43.741900,0.077900
0.000000,1320.280000,43.756500,0.148300
0.000000,1320.280000,43.764400,0.049500
0.000000,1320.280000,43.776000,0.004300
0.000000,1320.280000,43.772400,0.007700
0.000000,1320.280000,43.770800,0.130000
0.000000,1320.280000,43.759300,0.079800
0.000000,1320.280000,43.776000,-0.041400
0.000000,1320.280000,43.780800,-0.100500
0.000000,1320.290000,43.755000,-0.029400
0.000000,1320.290000,43.773500,-0.093400
0.000000,1320.290000,43.749300,-0.026500
0.000000,1320.290000,43.774200,0.003500
0.000000,1320.290000,43.748000,0.058100
0.000000,1320.290000,43.724900,0.188200
0.000000,1320.300000,43.753800,0.030200
0.000000,1320.300000,43.756800,0.142100
0.000000,1320.300000,43.733200,0.186900
0.000000,1320.300000,43.767900,0.150500
0.000000,1320.300000,43.770900,0.105200
0.000000,1320.300000,43.753900,0.124200
0.000000,1320.310000,43.758900,0.125400
0.000000,1320.310000,43.755600,-0.033200
0.000000,1320.310000,43.753700,0.039400
0.000000,1320.310000,43.765200,0.002300
0.000000,1320.310000,43.738500,0.062600
0.000000,1320.310000,43.749200,0.094100
0.000000,1320.310000,43.754800,0.195500
0.000000,1320.310000,43.745500,0.133600
0.000000,1320.320000,43.758600,0.082000
0.000000,1320.320000,43.793500,0.044900
0.000000,1320.320000,43.770800,-0.066300
0.000000,1320.320000,43.758200,-0.074900
0.000000,1320.320000,43.764100,0.133300
0.000000,1320.320000,43.770500,-0.010800
0.000000,1320.320000,43.771000,-0.150200
0.000000,1320.320000,43.765100,-0.044400
0.000000,1320.320000,43.751000,-0.114600
0.000000,1320.330000,43.719400,-0.041400
0.000000,1320.330000,43.748200,-0.012400
0.000000,1320.330000,43.752100,0.017000
0.000000,1320.330000,43.756800,0.254000
0.000000,1320.330000,43.744800,0.306900
0.000000,1320.330000,43.734800,0.213300
0.000000,1320.330000,43.762400,0.110100
0.000000,1320.330000,43.731800,0.102500
0.000000,1320.330000,43.750700,0.098100
0.000000,1320.330000,43.746100,0.202200
0.000000,1320.340000,43.727900,0.225200
0.000000,1320.340000,43.793900,0.131900
0.000000,1320.340000,43.788100,0.141800
0.000000,1320.340000,43.751000,0.083300
0.000000,1320.340000,43.760400,0.149400
0.000000,1320.340000,43.768300,0.042200
0.000000,1320.340000,43.768800,0.060300
0.000000,1320.340000,43.784600,0.078300
0.000000,1320.340000,43.771700,0.060400
0.000000,1320.340000,43.787200,0.076600
0.000000,1320.350000,43.763200,0.012200
0.000000,1320.350000,43.780200,-0.053400
0.000000,1320.350000,43.781800,0.036100
0.000000,1320.350000,43.738900,0.134200
0.000000,1320.350000,43.782200,0.162900
0.000000,1320.350000,43.746600,0.069600
0.000000,1320.350000,43.742100,0.135300
0.000000,1320.350000,43.746700,0.078600
0.000000,1320.350000,43.795200,-0.116000
0.000000,1320.350000,43.744900,-0.080900
-1.000000,1320.360000,43.834600,-0.076800
0.000000,1320.360000,43.797100,0.024500
0.000000,1320.360000,43.800400,0.069500
0.000000,1320.360000,43.744700,0.002600
0.000000,1320.360000,43.744700,-0.011800
0.000000,1320.360000,43.754000,0.143900
0.000000,1320.360000,43.770700,0.181900
0.000000,1320.360000,43.759100,0.224500
0.000000,1320.360000,43.781700,0.189800
0.000000,1320.360000,43.758300,0.141700
0.000000,1320.370000,43.779000,0.139500
0.000000,1320.370000,43.756400,0.250700
0.000000,1320.370000,43.754900,0.204000
0.000000,1320.370000,43.781300,0.268600
0.000000,1320.370000,43.751900,0.305200
0.000000,1320.370000,43.767400,0.181300
0.000000,1320.370000,43.756600,0.164100
0.000000,1320.370000,43.785900,0.145100
0.000000,1320.370000,43.738800,0.106900
0.000000,1320.370000,43.777500,0.059200
0.000000,1320.380000,43.746700,0.097100
0.000000,1320.380000,43.766600,0.103400
0.000000,1320.380000,43.757900,0.081200
0.000000,1320.380000,43.755200,0.091100
0.000000,1320.380000,43.739600,0.163600
0.000000,1320.380000,43.769000,0.110800
0.000000,1320.380000,43.770000,0.066900
0.000000,1320.380000,43.744000,-0.008300
0.000000,1320.380000,43.811200,0.053600
0.000000,1320.380000,43.765600,0.118900
0.000000,1320.390000,43.754500,0.151600
0.000000,1320.390000,43.769800,0.090200
0.000000,1320.390000,43.769100,0.095500
0.000000,1320.390000,43.795300,0.007100
0.000000,1320.390000,43.792800,0.007300
0.000000,1320.390000,43.795000,0.124300
0.000000,1320.390000,43.781700,0.303600
0.000000,1320.390000,43.789100,0.391400
0.000000,1320.390000,43.794500,0.303400
0.000000,1320.390000,43.761200,0.194400
0.000000,1320.400000,43.760200,0.144400
0.000000,1320.400000,43.735700,0.217700
0.000000,1320.400000,43.772600,0.235300
0.000000,1320.400000,43.739900,0.302500
0.000000,1320.400000,43.732300,0.349000
0.000000,1320.400000,43.722300,0.192300
0.000000,1320.400000,43.736900,0.091800
0.000000,1320.400000,43.742000,0.108400
0.000000,1320.400000,43.742000,0.141100
0.000000,1320.400000,43.729800,0.044100
0.000000,1320.410000,43.761900,0.039400
0.000000,1320.410000,43.736900,0.082400
0.000000,1320.410000,43.764900,0.145300
0.000000,1320.410000,43.729400,0.221000
0.000000,1320.410000,43.757700,0.256900
0.000000,1320.410000,43.736900,0.340400
0.000000,1320.410000,43.746100,0.286600
0.000000,1320.410000,43.738200,0.242300
0.000000,1320.410000,43.744800,0.289900
0.000000,1320.410000,43.750200,0.369200
0.000000,1320.420000,43.739200,0.385500
0.000000,1320.420000,43.702800,0.563100
0.000000,1320.420000,43.763800,0.819000
0.000000,1320.420000,43.732400,0.818900
0.000000,1320.420000,43.724000,0.728700
0.000000,1320.420000,43.747400,0.508900
0.000000,1320.420000,43.736500,0.449000
0.000000,1320.420000,43.737800,0.469900
0.000000,1320.420000,43.714500,0.324100
0.000000,1320.420000,43.755800,0.179800
0.000000,1320.430000,43.752400,0.208900
0.000000,1320.430000,43.739700,0.347000
0.000000,1320.430000,43.743900,0.461900
0.000000,1320.430000,43.737100,0.534100
0.000000,1320.430000,43.753400,0.503000
0.000000,1320.430000,43.761200,0.564200
0.000000,1320.430000,43.769000,0.541300
0.000000,1320.430000,43.767100,0.559000
0.000000,1320.430000,43.787600,0.564900
0.000000,1320.430000,43.731000,0.659900
0.000000,1320.440000,43.758300,0.627100
0.000000,1320.440000,43.722200,0.804700
0.000000,1320.440000,43.740800,0.975600
0.000000,1320.440000,43.742000,0.984100
0.000000,1320.440000,43.756400,1.105500
0.000000,1320.440000,43.762600,1.171600
0.000000,1320.440000,43.754500,1.245300
0.000000,1320.440000,43.760500,1.138700
0.000000,1320.440000,43.746200,1.024200
0.000000,1320.440000,43.719300,1.005200
0.000000,1320.450000,43.748300,1.135600
0.000000,1320.450000,43.758400,1.213800
0.000000,1320.450000,43.722100,1.318500
0.000000,1320.450000,43.722100,1.351900
0.000000,1320.450000,43.703900,1.500800
0.000000,1320.450000,43.747800,1.506400
0.000000,1320.450000,43.745900,1.535200
0.000000,1320.450000,43.767200,1.572800
0.000000,1320.450000,43.775900,1.724500
0.000000,1320.450000,43.744100,1.970000
0.000000,1320.460000,43.749600,2.106400
0.000000,1320.460000,43.760400,2.019000
0.000000,1320.460000,43.797600,1.881400
0.000000,1320.460000,43.753400,1.796500
0.000000,1320.460000,43.777400,1.818900
0.000000,1320.460000,43.774600,2.060100
0.000000,1320.460000,43.754800,2.093500
0.000000,1320.460000,43.741900,2.101300
0.000000,1320.460000,43.734400,2.160300
0.000000,1320.460000,43.727900,2.324200
0.000000,1320.470000,43.738200,2.443900
0.000000,1320.470000,43.773000,2.464900
0.000000,1320.470000,43.716600,2.557800
0.000000,1320.470000,43.758300,2.717800
0.000000,1320.470000,43.724800,2.830400
0.000000,1320.470000,43.730200,2.774000
0.000000,1320.470000,43.731100,2.857700
0.000000,1320.470000,43.720000,3.126400
0.000000,1320.470000,43.717800,3.260000
0.000000,1320.470000,43.742100,3.300600
0.000000,1320.480000,43.730300,3.380400
0.000000,1320.480000,43.778200,3.372100
0.000000,1320.480000,43.759000,3.250200
0.000000,1320.480000,43.746400,3.312200
0.000000,1320.480000,43.750600,3.408400
0.000000,1320.480000,43.773200,3.583000
0.000000,1320.480000,43.759200,3.536600
0.000000,1320.480000,43.750400,3.507700
0.000000,1320.480000,43.739900,3.616000
0.000000,1320.480000,43.717400,4.019200
0.000000,1320.490000,43.749200,4.016000
0.000000,1320.490000,43.722700,4.039100
0.000000,1320.490000,43.736400,3.936700
0.000000,1320.490000,43.728000,3.944900
0.000000,1320.490000,43.738500,3.912400
0.000000,1320.490000,43.736500,4.040700
0.000000,1320.490000,43.744800,3.969400
0.000000,1320.490000,43.758800,4.000000
0.000000,1320.490000,43.766400,4.175800
0.000000,1320.490000,43.744200,4.106200
0.000000,1320.500000,43.770400,4.221000
0.000000,1320.500000,43.756100,4.242700
0.000000,1320.500000,43.749300,4.210200
0.000000,1320.500000,43.755300,4.204800
0.000000,1320.500000,43.745900,4.088600
0.000000,1320.500000,43.759800,4.135600
0.000000,1320.500000,43.789600,4.107700
0.000000,1320.500000,43.729200,3.823100
0.000000,1320.500000,43.734200,3.706100
0.000000,1320.500000,43.743600,3.791300
0.000000,1320.510000,43.748900,3.658200
0.000000,1320.510000,43.757800,3.958100
0.000000,1320.510000,43.756100,4.029400
0.000000,1320.510000,43.760400,4.049400
0.000000,1320.510000,43.746600,4.075000
0.000000,1320.510000,43.767200,4.146300
0.000000,1320.510000,43.751200,4.152000
0.000000,1320.510000,43.747100,4.021400
0.000000,1320.510000,43.722900,4.005000
0.000000,1320.510000,43.741500,3.862200
0.000000,1320.520000,43.716800,3.738900
0.000000,1320.520000,43.718900,3.789800
0.000000,1320.520000,43.730600,3.703100
0.000000,1320.520000,43.764300,3.645600
0.000000,1320.520000,43.744000,3.738800
0.000000,1320.520000,43.767600,3.684500
0.000000,1320.520000,43.720600,3.814300
0.000000,1320.520000,43.775300,3.904600
0.000000,1320.520000,43.773400,3.991300
0.000000,1320.520000,43.741100,3.860300
0.000000,1320.530000,43.741900,3.971300
0.000000,1320.530000,43.771300,3.922700
0.000000,1320.530000,43.761300,3.729000
0.000000,1320.530000,43.760400,3.629400
0.000000,1320.530000,43.783500,3.751500
0.000000,1320.530000,43.754600,3.786900
0.000000,1320.530000,43.774700,3.545600
0.000000,1320.530000,43.737700,3.567700
0.000000,1320.530000,43.774100,3.761600
0.000000,1320.530000,43.728700,3.692700
0.000000,1320.540000,43.784100,4.011800
0.000000,1320.540000,43.739900,4.135000
0.000000,1320.540000,43.765000,4.162100
0.000000,1320.540000,43.791200,4.115400
0.000000,1320.540000,43.733800,4.080100
0.000000,1320.540000,43.749700,4.043600
0.000000,1320.540000,43.759600,3.997300
0.000000,1320.540000,43.766700,4.035800
0.000000,1320.540000,43.779600,4.241400
0.000000,1320.540000,43.744600,4.152800
0.000000,1320.550000,43.765000,3.961500
0.000000,1320.550000,43.792300,3.911500
0.000000,1320.550000,43.771400,3.870100
0.000000,1320.550000,43.783500,3.749000
0.000000,1320.550000,43.765600,3.812600
0.000000,1320.550000,43.757700,3.706200
0.000000,1320.550000,43.765800,3.522600
0.000000,1320.550000,43.755800,3.392600
0.000000,1320.550000,43.762800,3.566100
0.000000,1320.550000,43.761900,3.663900
0.000000,1320.560000,43.744800,3.565300
0.000000,1320.560000,43.762100,3.522400
0.000000,1320.560000,43.725500,3.400900
0.000000,1320.560000,43.777800,3.329400
0.000000,1320.560000,43.772400,3.386200
0.000000,1320.560000,43.773400,3.551500
0.000000,1320.560000,43.761600,3.555700
0.000000,1320.560000,43.759100,3.678200
0.000000,1320.560000,43.715700,3.645300
0.000000,1320.560000,43.732200,3.610200
0.000000,1320.570000,43.734000,3.456200
0.000000,1320.570000,43.715000,3.372300
0.000000,1320.570000,43.724300,3.597900
0.000000,1320.570000,43.738200,3.550800
0.000000,1320.570000,43.738500,3.462500
0.000000,1320.570000,43.766600,3.328500
0.000000,1320.570000,43.777800,3.133100
0.000000,1320.570000,43.776800,3.237000
0.000000,1320.570000,43.759900,3.203300
0.000000,1320.570000,43.753100,3.169700
0.000000,1320.580000,43.722800,3.083600
0.000000,1320.580000,43.775800,3.188500
0.000000,1320.580000,43.728300,3.066700
0.000000,1320.580000,43.747600,3.022700
0.000000,1320.580000,43.750100,3.021200
0.000000,1320.580000,43.766500,3.100500
0.000000,1320.580000,43.750200,2.987900
0.000000,1320.580000,43.764300,2.858500
0.000000,1320.580000,43.753500,2.810200
0.000000,1320.580000,43.757800,2.875200
0.000000,1320.590000,43.722600,2.802900
0.000000,1320.590000,43.750200,2.623200
0.000000,1320.590000,43.787300,2.602700
0.000000,1320.590000,43.755900,2.404700
0.000000,1320.590000,43.748900,2.338200
0.000000,1320.590000,43.753400,2.379900
0.000000,1320.590000,43.752500,2.234100
0.000000,1320.590000,43.768900,2.280800
0.000000,1320.590000,43.765100,2.469400
0.000000,1320.590000,43.726500,2.407900
0.000000,1320.600000,43.737800,2.235200
0.000000,1320.600000,43.737200,2.222300
0.000000,1320.600000,43.750400,2.298000
0.000000,1320.600000,43.762200,2.391900
0.000000,1320.600000,43.738600,2.396500
0.000000,1320.600000,43.781800,2.253500
0.000000,1320.600000,43.756500,2.124000
0.000000,1320.600000,43.737400,1.908800
0.000000,1320.600000,43.746600,1.734300
0.000000,1320.600000,43.759400,1.688900
0.000000,1320.610000,43.778800,1.801700
0.000000,1320.610000,43.735500,1.657300
0.000000,1320.610000,43.742300,1.395200
0.000000,1320.610000,43.768500,1.233200
0.000000,1320.610000,43.732700,1.310300
0.000000,1320.610000,43.764900,1.337700
0.000000,1320.610000,43.746800,1.332700
0.000000,1320.610000,43.771800,1.258600
0.000000,1320.610000,43.761600,1.322800
0.000000,1320.610000,43.763900,1.467200
0.000000,1320.620000,43.747400,1.344500
0.000000,1320.620000,43.758600,1.174600
0.000000,1320.620000,43.773700,1.118400
0.000000,1320.620000,43.802200,1.064300
0.000000,1320.620000,43.754200,0.928000
0.000000,1320.620000,43.801200,0.868600
0.000000,1320.620000,43.770100,1.082600
0.000000,1320.620000,43.786300,1.099300
0.000000,1320.620000,43.762700,1.079900
0.000000,1320.620000,43.751100,1.123100
0.000000,1320.630000,43.751100,0.975400
0.000000,1320.630000,43.747400,0.927700
0.000000,1320.630000,43.767100,0.985900
0.000000,1320.630000,43.746900,0.946100
0.000000,1320.630000,43.748800,0.860200
0.000000,1320.630000,43.732600,0.845100
0.000000,1320.630000,43.733500,0.995500
0.000000,1320.630000,43.744800,0.977600
0.000000,1320.630000,43.735600,0.820900
0.000000,1320.630000,43.743300,0.771800
0.000000,1320.640000,43.772200,0.698900
0.000000,1320.640000,43.782900,0.900200
0.000000,1320.640000,43.767500,0.958000
0.000000,1320.640000,43.762800,0.962900
0.000000,1320.640000,43.758400,0.820700
0.000000,1320.640000,43.750300,0.656900
0.000000,1320.640000,43.757800,0.773700
0.000000,1320.640000,43.775400,0.942400
0.000000,1320.650000,43.725700,0.888900
0.000000,1320.650000,43.747000,0.788700
0.000000,1320.650000,43.752000,0.802500
0.000000,1320.650000,43.750300,0.792400
0.000000,1320.650000,43.745900,0.644500
0.000000,1320.650000,43.775600,0.505200
0.000000,1320.650000,43.758000,0.430200
0.000000,1320.660000,43.755300,0.621000
0.000000,1320.660000,43.745800,0.652000
0.000000,1320.660000,43.755100,0.878300
0.000000,1320.660000,43.755500,1.031100
0.000000,1320.660000,43.752700,1.112600
0.000000,1320.660000,43.728100,1.088800
0.000000,1320.670000,43.729400,1.246700
0.000000,1320.670000,43.751900,1.075300
0.000000,1320.670000,43.715900,1.182400
0.000000,1320.670000,43.754200,1.215400
0.000000,1320.670000,43.727400,1.296500
0.000000,1320.670000,43.746600,1.353900
0.000000,1320.680000,43.759200,1.397100
0.000000,1320.680000,43.754100,1.419600
0.000000,1320.680000,43.740600,1.610900
0.000000,1320.680000,43.739300,1.606800
0.000000,1320.680000,43.764000,1.690400
0.000000,1320.680000,43.770200,1.807000
0.000000,1320.680000,43.728000,1.754000
0.000000,1320.680000,43.737500,2.152800
0.000000,1320.690000,43.759900,2.327700
0.000000,1320.690000,43.714900,2.295400
0.000000,1320.690000,43.752500,2.037000
0.000000,1320.690000,43.764100,2.179000
0.000000,1320.690000,43.778800,2.303100
0.000000,1320.690000,43.769300,2.336300
0.000000,1320.690000,43.772000,2.328700
0.000000,1320.690000,43.747600,2.396300
0.000000,1320.690000,43.750500,2.557300
0.000000,1320.690000,43.732900,2.627700
0.000000,1320.700000,43.746400,2.761500
0.000000,1320.700000,43.760700,3.012000
0.000000,1320.700000,43.756900,2.903100
0.000000,1320.700000,43.761200,2.942100
0.000000,1320.700000,43.765400,3.046900
0.000000,1320.700000,43.757800,3.117700
0.000000,1320.700000,43.772800,3.155300
0.000000,1320.700000,43.779800,3.009500
0.000000,1320.700000,43.756500,3.234600
0.000000,1320.700000,43.738400,3.255300
0.000000,1320.710000,43.755700,3.181900
0.000000,1320.710000,43.743800,3.167900
0.000000,1320.710000,43.758000,3.259500
0.000000,1320.710000,43.769200,3.144200
0.000000,1320.710000,43.768800,3.195700
0.000000,1320.710000,43.757100,3.262900
0.000000,1320.710000,43.768900,3.415400
0.000000,1320.710000,43.742400,3.455800
0.000000,1320.710000,43.755200,3.512300
0.000000,1320.710000,43.713900,3.431700
0.000000,1320.720000,43.756500,3.607800
0.000000,1320.720000,43.736300,3.697300
0.000000,1320.720000,43.756000,3.694000
0.000000,1320.720000,43.736700,3.726200
0.000000,1320.720000,43.751200,3.617300
0.000000,1320.720000,43.748700,3.745500
0.000000,1320.720000,43.763300,3.817000
0.000000,1320.720000,43.769600,3.832000
0.000000,1320.720000,43.761900,3.779000
0.000000,1320.720000,43.775600,3.688700
0.000000,1320.730000,43.792900,3.505000
0.000000,1320.730000,43.772400,3.464100
0.000000,1320.730000,43.758800,3.246000
0.000000,1320.730000,43.752100,3.286800
0.000000,1320.730000,43.782600,3.192200
0.000000,1320.730000,43.790900,3.164200
0.000000,1320.730000,43.772500,3.151200
0.000000,1320.730000,43.744800,3.187700
0.000000,1320.730000,43.774600,3.216000
0.000000,1320.730000,43.769300,3.088400
0.000000,1320.740000,43.767800,2.916100
0.000000,1320.740000,43.780500,2.754500
0.000000,1320.740000,43.759000,2.643700
0.000000,1320.740000,43.759700,2.711000
0.000000,1320.740000,43.793300,2.785100
0.000000,1320.740000,43.769500,2.756400
0.000000,1320.740000,43.782400,2.694700
0.000000,1320.740000,43.763500,2.623400
0.000000,1320.740000,43.788900,2.655200
0.000000,1320.740000,43.777000,2.673800
0.000000,1320.750000,43.756100,2.414000
0.000000,1320.750000,43.779200,2.219000
0.000000,1320.750000,43.787900,2.128700
0.000000,1320.750000,43.775300,2.098200
0.000000,1320.750000,43.796800,2.093800
0.000000,1320.750000,43.780200,2.179000
0.000000,1320.750000,43.793200,2.152100
0.000000,1320.750000,43.764500,1.955600
0.000000,1320.750000,43.774600,1.808000
0.000000,1320.750000,43.782400,1.834000
0.000000,1320.760000,43.761700,1.750800
0.000000,1320.760000,43.784400,1.520000
0.000000,1320.760000,43.793100,1.552500
0.000000,1320.760000,43.742400,1.374000
0.000000,1320.760000,43.763000,1.189000
0.000000,1320.760000,43.784900,1.111500
0.000000,1320.760000,43.768800,1.132200
0.000000,1320.760000,43.768100,1.332500
0.000000,1320.760000,43.771300,1.373200
0.000000,1320.760000,43.769000,1.555600
0.000000,1320.770000,43.765800,1.423200
0.000000,1320.770000,43.741000,1.285200
0.000000,1320.770000,43.758500,1.017400
0.000000,1320.770000,43.762200,0.829900
0.000000,1320.770000,43.731600,0.804000
0.000000,1320.770000,43.751200,0.871600
0.000000,1320.770000,43.759700,0.924200
0.000000,1320.770000,43.765200,0.846000
0.000000,1320.770000,43.763300,0.949500
0.000000,1320.770000,43.756500,0.853000
0.000000,1320.780000,43.768200,0.714100
0.000000,1320.780000,43.768100,0.715500
0.000000,1320.780000,43.767400,0.673400
0.000000,1320.780000,43.756100,0.621000
0.000000,1320.780000,43.745000,0.661100
0.000000,1320.780000,43.770300,0.842700
0.000000,1320.780000,43.744600,0.794600
0.000000,1320.780000,43.760000,0.562200
0.000000,1320.780000,43.727600,0.673900
0.000000,1320.780000,43.739100,0.713300
0.000000,1320.790000,43.742400,0.741500
0.000000,1320.790000,43.766200,0.814500
0.000000,1320.790000,43.783500,0.765000
0.000000,1320.790000,43.769500,0.698600
0.000000,1320.790000,43.782900,0.552900
0.000000,1320.790000,43.770000,0.566100
0.000000,1320.790000,43.788900,0.548000
0.000000,1320.790000,43.762200,0.586700
0.000000,1320.790000,43.773200,0.529600
0.000000,1320.790000,43.772400,0.562400
0.000000,1320.800000,43.774900,0.502800
0.000000,1320.800000,43.772700,0.374000
0.000000,1320.800000,43.763300,0.408700
0.000000,1320.800000,43.786500,0.523300
0.000000,1320.800000,43.777500,0.555100
0.000000,1320.800000,43.788800,0.540300
0.000000,1320.800000,43.796100,0.453500
0.000000,1320.800000,43.775700,0.426500
0.000000,1320.800000,43.766400,0.387600
0.000000,1320.800000,43.760000,0.529900
0.000000,1320.810000,43.748500,0.777600
0.000000,1320.810000,43.777900,0.728000
0.000000,1320.810000,43.779200,0.557600
0.000000,1320.810000,43.773500,0.553200
0.000000,1320.810000,43.783400,0.659200
0.000000,1320.810000,43.782500,0.578100
0.000000,1320.810000,43.799200,0.752300
0.000000,1320.810000,43.793000,0.753300
0.000000,1320.810000,43.796400,0.757900
0.000000,1320.810000,43.790500,0.853200
0.000000,1320.820000,43.776500,0.927000
0.000000,1320.820000,43.777300,0.947300
0.000000,1320.820000,43.769100,0.905300
0.000000,1320.820000,43.771700,0.929900
0.000000,1320.820000,43.759100,1.018400
0.000000,1320.820000,43.753400,1.054900
0.000000,1320.820000,43.799700,1.064500
0.000000,1320.820000,43.772200,1.001300
0.000000,1320.820000,43.755800,0.911900
0.000000,1320.820000,43.773800,1.007600
0.000000,1320.830000,43.752800,1.086100
0.000000,1320.830000,43.738600,1.114300
0.000000,1320.830000,43.738700,1.163000
0.000000,1320.830000,43.772900,1.223200
0.000000,1320.830000,43.811300,1.260400
0.000000,1320.830000,43.774900,1.415700
0.000000,1320.830000,43.757000,1.484200
0.000000,1320.830000,43.775300,1.707300
0.000000,1320.830000,43.746900,1.636100
0.000000,1320.830000,43.755900,1.588000
0.000000,1320.840000,43.732500,1.686600
0.000000,1320.840000,43.793500,1.607200
0.000000,1320.840000,43.717300,1.711500
0.000000,1320.840000,43.756900,1.797200
0.000000,1320.840000,43.748400,1.684100
0.000000,1320.840000,43.751700,1.510300
0.000000,1320.840000,43.764300,1.533900
0.000000,1320.840000,43.723500,1.534200
0.000000,1320.840000,43.720800,1.500100
0.000000,1320.840000,43.757000,1.581800
0.000000,1320.850000,43.745100,1.633400
0.000000,1320.850000,43.745700,1.778300
0.000000,1320.850000,43.760700,1.696100
0.000000,1320.850000,43.757500,1.736900
0.000000,1320.850000,43.765000,1.825800
0.000000,1320.850000,43.747000,1.838300
0.000000,1320.850000,43.749500,1.886000
0.000000,1320.850000,43.741700,1.967700
0.000000,1320.850000,43.741500,1.950800
0.000000,1320.850000,43.744300,1.996300
0.000000,1320.860000,43.752200,1.872800
0.000000,1320.860000,43.747500,1.681700
0.000000,1320.860000,43.809000,1.528700
0.000000,1320.860000,43.777800,1.546900
0.000000,1320.860000,43.769800,1.675400
0.000000,1320.860000,43.755100,1.766100
0.000000,1320.860000,43.762500,1.825600
0.000000,1320.860000,43.766100,1.948700
0.000000,1320.860000,43.768200,1.856400
0.000000,1320.860000,43.766000,1.721300
0.000000,1320.870000,43.779800,1.676700
0.000000,1320.870000,43.770200,1.570400
0.000000,1320.870000,43.778000,1.438100
0.000000,1320.870000,43.762900,1.378500
0.000000,1320.870000,43.768600,1.404600
0.000000,1320.870000,43.775600,1.270600
0.000000,1320.870000,43.778700,1.221300
0.000000,1320.870000,43.766600,1.206900
0.000000,1320.870000,43.768700,1.060300
0.000000,1320.870000,43.822400,1.077400
0.000000,1320.880000,43.770000,1.147300
0.000000,1320.880000,43.766900,1.062900
0.000000,1320.880000,43.754200,1.115600
0.000000,1320.880000,43.764600,1.175100
0.000000,1320.880000,43.756300,1.302100
0.000000,1320.880000,43.752400,1.388600
0.000000,1320.880000,43.763200,1.368400
0.000000,1320.880000,43.765800,1.366900
0.000000,1320.880000,43.760800,1.469900
0.000000,1320.880000,43.784200,1.322900
0.000000,1320.890000,43.768400,1.357400
0.000000,1320.890000,43.742800,1.198900
0.000000,1320.890000,43.748200,1.150000
0.000000,1320.890000,43.762100,1.166400
0.000000,1320.890000,43.780200,1.178600
0.000000,1320.890000,43.768300,1.156900
0.000000,1320.890000,43.734600,1.123400
0.000000,1320.890000,43.779400,0.972100
0.000000,1320.890000,43.782700,0.828000
0.000000,1320.890000,43.790900,0.716900
0.000000,1320.900000,43.772900,0.730100
0.000000,1320.900000,43.788900,0.604700
0.000000,1320.900000,43.793000,0.593400
0.000000,1320.900000,43.757000,0.599100
0.000000,1320.900000,43.771600,0.586500
0.000000,1320.900000,43.759200,0.538200
0.000000,1320.900000,43.771200,0.538900
0.000000,1320.900000,43.777300,0.613600
0.000000,1320.900000,43.761200,0.684600
0.000000,1320.900000,43.754300,0.751800
0.000000,1320.910000,43.779200,0.664000
0.000000,1320.910000,43.754100,0.539200
0.000000,1320.910000,43.742400,0.401100
0.000000,1320.910000,43.751300,0.492000
0.000000,1320.910000,43.798000,0.429000
0.000000,1320.910000,43.772500,0.386800
0.000000,1320.910000,43.804400,0.428800
0.000000,1320.910000,43.784200,0.513500
0.000000,1320.910000,43.781600,0.650400
0.000000,1320.910000,43.768900,0.692300
0.000000,1320.920000,43.767700,0.604600
0.000000,1320.920000,43.801700,0.477900
0.000000,1320.920000,43.804500,0.424600
0.000000,1320.920000,43.757200,0.437800
0.000000,1320.920000,43.745300,0.488800
0.000000,1320.920000,43.761300,0.432900
0.000000,1320.920000,43.746400,0.437200
0.000000,1320.920000,43.739200,0.488800
0.000000,1320.920000,43.747700,0.426900
0.000000,1320.920000,43.770600,0.352000
0.000000,1320.930000,43.751900,0.311300
0.000000,1320.930000,43.772700,0.252200
0.000000,1320.930000,43.726600,0.275500
0.000000,1320.930000,43.801800,0.366700
0.000000,1320.930000,43.768100,0.379900
0.000000,1320.930000,43.760600,0.577900
0.000000,1320.930000,43.765100,0.623900
0.000000,1320.930000,43.775300,0.523400
0.000000,1320.930000,43.743800,0.489200
0.000000,1320.930000,43.762700,0.454900
0.000000,1320.940000,43.749000,0.502300
0.000000,1320.940000,43.757900,0.477400
0.000000,1320.940000,43.747400,0.528300
0.000000,1320.940000,43.755800,0.587900
0.000000,1320.940000,43.751000,0.487100
0.000000,1320.940000,43.757600,0.375900
0.000000,1320.940000,43.731800,0.299200
0.000000,1320.940000,43.789300,0.329300
0.000000,1320.940000,43.753600,0.229200
0.000000,1320.940000,43.759100,0.232400
0.000000,1320.950000,43.792900,0.114300
0.000000,1320.950000,43.753300,0.130400
0.000000,1320.950000,43.779300,0.103300
0.000000,1320.950000,43.750400,0.186300
0.000000,1320.950000,43.775000,0.208800
0.000000,1320.950000,43.756000,0.193600
0.000000,1320.950000,43.758100,0.178800
0.000000,1320.950000,43.737800,0.085500
0.000000,1320.950000,43.754000,-0.128300
0.000000,1320.950000,43.723100,-0.162600
0.000000,1320.960000,43.739900,-0.145100
0.000000,1320.960000,43.767400,0.102300
0.000000,1320.960000,43.775000,0.060500
0.000000,1320.960000,43.756300,-0.025600
0.000000,1320.960000,43.745300,-0.107000
0.000000,1320.960000,43.757000,-0.109300
0.000000,1320.960000,43.777900,-0.097500
0.000000,1320.960000,43.766700,0.013500
0.000000,1320.960000,43.772500,0.093000
0.000000,1320.960000,43.749400,0.038900
0.000000,1320.970000,43.757500,0.122600
0.000000,1320.970000,43.773400,0.238000
0.000000,1320.970000,43.745100,0.265200
0.000000,1320.970000,43.752900,0.279500
0.000000,1320.970000,43.769100,0.265000
0.000000,1320.970000,43.751300,0.275400
0.000000,1320.970000,43.742300,0.286000
0.000000,1320.970000,43.734400,0.319100
0.000000,1320.970000,43.788800,0.359600
0.000000,1320.970000,43.781200,0.384700
0.000000,1320.980000,43.794700,0.264000
0.000000,1320.980000,43.759200,0.299200
0.000000,1320.980000,43.737300,0.286500
0.000000,1320.980000,43.763300,0.149300
0.000000,1320.980000,43.770100,0.034400
0.000000,1320.980000,43.797400,0.085700
0.000000,1320.980000,43.774600,0.082800
0.000000,1320.980000,43.806100,-0.046900
0.000000,1320.980000,43.752400,-0.076900
0.000000,1320.980000,43.767100,-0.108000
0.000000,1320.990000,43.756000,-0.088300
0.000000,1320.990000,43.754000,-0.037600
0.000000,1320.990000,43.748800,0.047600
0.000000,1320.990000,43.771300,0.172000
0.000000,1320.990000,43.769500,0.139900
0.000000,1320.990000,43.747900,0.073500
0.000000,1320.990000,43.755200,0.117000
0.000000,1320.990000,43.778300,0.041300
0.000000,1320.990000,43.787600,-0.035900
0.000000,1320.990000,43.781600,0.070900
0.000000,1321.000000,43.772600,0.241100
0.000000,1321.000000,43.772000,0.255400
0.000000,1321.000000,43.743500,0.127100
0.000000,1321.000000,43.751900,0.010000
0.000000,1321.000000,43.793500,-0.047000
0.000000,1321.000000,43.764400,-0.027300
0.000000,1321.000000,43.774500,0.077600
0.000000,1321.000000,43.761500,0.023500
0.000000,1321.000000,43.737900,-0.079900
0.000000,1321.010000,43.770900,-0.100200
0.000000,1321.010000,43.768800,0.005800
0.000000,1321.010000,43.788700,0.216700
0.000000,1321.010000,43.738300,0.207500
0.000000,1321.010000,43.751800,0.176800
0.000000,1321.010000,43.756700,0.107100
0.000000,1321.010000,43.785900,0.204900
0.000000,1321.010000,43.743900,0.117700
0.000000,1321.020000,43.749900,0.060300
0.000000,1321.020000,43.749000,0.081300
0.000000,1321.020000,43.729500,0.000900
0.000000,1321.020000,43.750700,0.020500
0.000000,1321.020000,43.761900,0.081500
0.000000,1321.020000,43.748900,0.068100
0.000000,1321.030000,43.756000,0.170500
0.000000,1321.030000,43.769200,0.037300
0.000000,1321.030000,43.754100,-0.002400
0.000000,1321.030000,43.767800,-0.099900
0.000000,1321.030000,43.717600,-0.153100
0.000000,1321.030000,43.740700,-0.238500
0.000000,1321.040000,43.733800,-0.235900
0.000000,1321.040000,43.752000,0.018200
0.000000,1321.040000,43.741700,0.062400
0.000000,1321.040000,43.748100,-0.233600
0.000000,1321.040000,43.763900,-0.190800
0.000000,1321.040000,43.770100,-0.031700
0.000000,1321.040000,43.772000,-0.030800
0.000000,1321.050000,43.739500,0.044600
0.000000,1321.050000,43.766000,0.028300
0.000000,1321.050000,43.728700,0.027900
0.000000,1321.050000,43.758100,0.019100
0.000000,1321.050000,43.733400,0.099600
0.000000,1321.050000,43.724600,-0.012900
0.000000,1321.050000,43.722200,0.046700
0.000000,1321.050000,43.741000,0.081600
0.000000,1321.050000,43.741900,0.058800
0.000000,1321.060000,43.728300,-0.054500
0.000000,1321.060000,43.752700,-0.050600
0.000000,1321.060000,43.732200,-0.042400
0.000000,1321.060000,43.750900,-0.157800
0.000000,1321.060000,43.752600,-0.165100
0.000000,1321.060000,43.773000,-0.117300
0.000000,1321.060000,43.751900,-0.124300
0.000000,1321.060000,43.745500,-0.015600
0.000000,1321.060000,43.773500,0.128400
0.000000,1321.060000,43.767300,0.085100
0.000000,1321.070000,43.772600,-0.017700
0.000000,1321.070000,43.740200,-0.117300
0.000000,1321.070000,43.748500,-0.065900
0.000000,1321.070000,43.737200,-0.159300
0.000000,1321.070000,43.735800,-0.210900
0.000000,1321.070000,43.722400,-0.014600
0.000000,1321.070000,43.741700,-0.022300
0.000000,1321.070000,43.740700,-0.199000
0.000000,1321.070000,43.761200,-0.207800
0.000000,1321.070000,43.733600,-0.182000
0.000000,1321.080000,43.748900,-0.133000
0.000000,1321.080000,43.756400,-0.012400
0.000000,1321.080000,43.731300,-0.159200
0.000000,1321.080000,43.745100,-0.152800
0.000000,1321.080000,43.734000,-0.107500
0.000000,1321.080000,43.749900,-0.154900
0.000000,1321.080000,43.740600,-0.189900
0.000000,1321.080000,43.740900,-0.139200
0.000000,1321.080000,43.732100,-0.082000
0.000000,1321.080000,43.738000,-0.076000
0.000000,1321.090000,43.738300,-0.092700
0.000000,1321.090000,43.732700,0.005600
0.000000,1321.090000,43.764500,0.018500
0.000000,1321.090000,43.751400,0.153600
0.000000,1321.090000,43.752000,0.265200
0.000000,1321.090000,43.748800,0.139700
0.000000,1321.090000,43.741500,-0.004300
0.000000,1321.090000,43.729500,-0.099600
0.000000,1321.090000,43.728100,-0.066900
0.000000,1321.090000,43.717700,-0.192100
0.000000,1321.100000,43.768200,0.052600
0.000000,1321.100000,43.785500,0.051000
0.000000,1321.100000,43.761500,0.049900
0.000000,1321.100000,43.744700,0.013000
0.000000,1321.100000,43.761300,0.122500
0.000000,1321.100000,43.778900,0.115500
0.000000,1321.100000,43.716100,0.033900
0.000000,1321.100000,43.746100,-0.032900
0.000000,1321.100000,43.751700,-0.131800
0.000000,1321.100000,43.737300,-0.103100
0.000000,1321.110000,43.742300,-0.126300
0.000000,1321.110000,43.775000,-0.180800
0.000000,1321.110000,43.788800,-0.110600
0.000000,1321.110000,43.763300,-0.086900
0.000000,1321.110000,43.771800,-0.202800
0.000000,1321.110000,43.764000,-0.190700
0.000000,1321.110000,43.778000,0.053000
0.000000,1321.110000,43.797600,0.084000
0.000000,1321.110000,43.787600,0.112300
0.000000,1321.110000,43.795200,0.026800
0.000000,1321.120000,43.792600,-0.006500
0.000000,1321.120000,43.776700,-0.059300
0.000000,1321.120000,43.767100,-0.068400
0.000000,1321.120000,43.774600,-0.111800
0.000000,1321.120000,43.787000,-0.055300
0.000000,1321.120000,43.771500,-0.054700
0.000000,1321.120000,43.785900,-0.046900
0.000000,1321.120000,43.789600,-0.061800
0.000000,1321.120000,43.762000,0.074900
0.000000,1321.120000,43.773900,0.071900
0.000000,1321.130000,43.735400,0.174900
0.000000,1321.130000,43.729400,0.200800
0.000000,1321.130000,43.727400,0.189500
0.000000,1321.130000,43.746900,0.201300
0.000000,1321.130000,43.758900,0.192900
0.000000,1321.130000,43.774000,0.213000
0.000000,1321.130000,43.734800,0.153000
0.000000,1321.130000,43.726200,0.086900
0.000000,1321.130000,43.762400,0.185300
0.000000,1321.130000,43.736500,0.176500
0.000000,1321.140000,43.776200,0.136700
0.000000,1321.140000,43.781500,0.105200
0.000000,1321.140000,43.777600,0.122400
0.000000,1321.140000,43.746700,0.032100
0.000000,1321.140000,43.740800,0.027300
0.000000,1321.140000,43.761100,-0.034500
0.000000,1321.140000,43.780600,-0.017600
0.000000,1321.140000,43.787700,-0.173700
0.000000,1321.140000,43.748300,-0.148500
0.000000,1321.140000,43.781600,-0.027400
0.000000,1321.150000,43.773600,-0.002200
0.000000,1321.150000,43.774800,0.038800
0.000000,1321.150000,43.803500,0.174800
0.000000,1321.150000,43.741400,0.216200
0.000000,1321.150000,43.761400,0.256500
0.000000,1321.150000,43.787600,0.257100
0.000000,1321.150000,43.750500,0.213400
0.000000,1321.150000,43.762800,0.165200
0.000000,1321.150000,43.734500,0.006000
0.000000,1321.150000,43.761500,-0.097000
0.000000,1321.160000,43.784200,-0.043300
0.000000,1321.160000,43.792100,0.010700
0.000000,1321.160000,43.805700,0.009100
0.000000,1321.160000,43.771500,-0.067900
0.000000,1321.160000,43.758700,-0.100800
0.000000,1321.160000,43.733700,0.016800
0.000000,1321.160000,43.736700,0.035800
0.000000,1321.160000,43.744500,0.072100
0.000000,1321.160000,43.748400,0.128000
0.000000,1321.160000,43.743900,0.155000
0.000000,1321.170000,43.728000,-0.007200
0.000000,1321.170000,43.719600,-0.127200
0.000000,1321.170000,43.756400,-0.039600
0.000000,1321.170000,43.773400,-0.031000
0.000000,1321.170000,43.758700,0.110000
0.000000,1321.170000,43.767100,0.106000
0.000000,1321.170000,43.729700,-0.094500
0.000000,1321.170000,43.736600,-0.084900
0.000000,1321.170000,43.731100,-0.079200
0.000000,1321.170000,43.731500,-0.089600
0.000000,1321.180000,43.729000,0.050500
0.000000,1321.180000,43.765100,0.007500
0.000000,1321.180000,43.771200,-0.029700
0.000000,1321.180000,43.797000,-0.076300
0.000000,1321.180000,43.722300,-0.046500
0.000000,1321.180000,43.776300,-0.020300
0.000000,1321.180000,43.758600,0.037200
0.000000,1321.180000,43.770200,0.126500
0.000000,1321.180000,43.760600,0.074500
0.000000,1321.180000,43.753500,-0.013900
0.000000,1321.190000,43.764100,-0.173700
0.000000,1321.190000,43.761700,-0.227500
0.000000,1321.190000,43.755800,-0.085900
0.000000,1321.190000,43.787100,-0.065900
0.000000,1321.190000,43.781600,0.001000
0.000000,1321.190000,43.766800,-0.014200
0.000000,1321.190000,43.785200,-0.041700
0.000000,1321.190000,43.769700,-0.022700
0.000000,1321.190000,43.806500,0.079900
0.000000,1321.190000,43.785100,0.020300
0.000000,1321.200000,43.786300,-0.122500
0.000000,1321.200000,43.745400,0.015400
0.000000,1321.200000,43.761200,0.045200
0.000000,1321.200000,43.757000,0.068600
0.000000,1321.200000,43.758300,-0.088300
0.000000,1321.200000,43.744800,-0.247800
0.000000,1321.200000,43.743100,-0.409400
0.000000,1321.200000,43.760600,-0.370200
0.000000,1321.200000,43.780100,-0.316600
0.000000,1321.200000,43.780900,-0.108700
0.000000,1321.210000,43.767300,0.045500
0.000000,1321.210000,43.770000,0.099800
0.000000,1321.210000,43.774100,0.035500
0.000000,1321.210000,43.772100,0.013100
0.000000,1321.210000,43.752200,0.159700
0.000000,1321.210000,43.749600,0.281100
0.000000,1321.210000,43.745100,0.237700
0.000000,1321.210000,43.723600,0.122200
0.000000,1321.210000,43.801400,0.108400
0.000000,1321.210000,43.764300,-0.079500
0.000000,1321.220000,43.753500,-0.113500
0.000000,1321.220000,43.772100,-0.092400
0.000000,1321.220000,43.763200,-0.050600
0.000000,1321.220000,43.764100,0.020300
0.000000,1321.220000,43.788000,0.069600
0.000000,1321.220000,43.779600,-0.013800
0.000000,1321.220000,43.771600,0.055300
0.000000,1321.220000,43.772600,0.057700
0.000000,1321.220000,43.750700,0.020500
0.000000,1321.220000,43.769000,0.007700
0.000000,1321.230000,43.744700,0.014800
0.000000,1321.230000,43.778000,-0.000400
0.000000,1321.230000,43.779000,-0.132900
0.000000,1321.230000,43.780600,-0.244100
0.000000,1321.230000,43.741300,-0.155100
0.000000,1321.230000,43.768500,-0.234200
0.000000,1321.230000,43.788200,-0.283400
0.000000,1321.230000,43.794500,-0.174900
0.000000,1321.230000,43.787800,-0.094900
0.000000,1321.230000,43.760400,-0.071600
0.000000,1321.240000,43.766700,0.037600
0.000000,1321.240000,43.762400,0.094800
0.000000,1321.240000,43.769700,-0.150600
0.000000,1321.240000,43.754100,-0.205200
0.000000,1321.240000,43.752300,-0.209600
0.000000,1321.240000,43.734000,-0.260600
0.000000,1321.240000,43.736500,-0.282700
0.000000,1321.240000,43.771800,-0.125200
0.000000,1321.240000,43.743000,0.104900
0.000000,1321.240000,43.745100,0.061900
0.000000,1321.250000,43.758600,0.043000
0.000000,1321.250000,43.764700,-0.085900
0.000000,1321.250000,43.730500,-0.102300
0.000000,1321.250000,43.744800,-0.135900
0.000000,1321.250000,43.742200,-0.111800
0.000000,1321.250000,43.716300,-0.102900
0.000000,1321.250000,43.755300,-0.074900
0.000000,1321.250000,43.749700,-0.125200
0.000000,1321.250000,43.761500,-0.203200
0.000000,1321.250000,43.775400,-0.244500
0.000000,1321.260000,43.764600,-0.202700
0.000000,1321.260000,43.771700,-0.161700
0.000000,1321.260000,43.805100,-0.187800
0.000000,1321.260000,43.759500,-0.102000
0.000000,1321.260000,43.764800,-0.086600
0.000000,1321.260000,43.743100,-0.073700
0.000000,1321.260000,43.797100,-0.044600
0.000000,1321.260000,43.731100,-0.082200
0.000000,1321.260000,43.737900,-0.150900
0.000000,1321.260000,43.779300,-0.047500
0.000000,1321.270000,43.734200,-0.015800
0.000000,1321.270000,43.759800,-0.092800
0.000000,1321.270000,43.775000,-0.095800
0.000000,1321.270000,43.762100,0.072300
0.000000,1321.270000,43.774600,0.041500
0.000000,1321.270000,43.800700,0.020100
0.000000,1321.270000,43.747600,-0.014300
0.000000,1321.270000,43.789700,0.078700
0.000000,1321.270000,43.781400,0.165300
0.000000,1321.270000,43.788000,0.095100
0.000000,1321.280000,43.755200,0.077300
0.000000,1321.280000,43.770300,0.125600
0.000000,1321.280000,43.745300,0.183600
0.000000,1321.280000,43.748700,0.022500
0.000000,1321.280000,43.744000,0.062100
0.000000,1321.280000,43.730000,-0.031500
0.000000,1321.280000,43.723900,-0.108900
0.000000,1321.280000,43.752900,0.153500
0.000000,1321.280000,43.779700,0.146500
0.000000,1321.280000,43.757900,0.004200
0.000000,1321.290000,43.763800,-0.146500
0.000000,1321.290000,43.752300,-0.143700
0.000000,1321.290000,43.767700,-0.191500
0.000000,1321.290000,43.772800,-0.006400
0.000000,1321.290000,43.766700,0.174400
0.000000,1321.290000,43.756400,0.126600
0.000000,1321.290000,43.745500,0.045700
0.000000,1321.290000,43.721000,-0.033200
0.000000,1321.290000,43.760100,-0.139100
